,site_name,site_url,park_name,park_url,season_of_use,fee_info,contact_info,info_center,latitude,longitude,directions,restrooms,water,overview,amenities,body_of_water
0,Applewhite Campground,https://www.fs.usda.gov/r05/sanbernardino/recreation/applewhite-campground,San Bernardino National Forest,https://www.fs.usda.gov/r05/sanbernardino,,"$15.00 for a Single Site, limited to 8 people and 1 vehicle.
Two vehicles total allowed; second vehicle is $5.00/night. There is no overflow parking available. The fee is payable at a self-serve station at the entrance to the campground, cash or check only.
CHECK-IN TIME IS 2:00 PM. CHECK-OUT TIME IS 12:00 PM
.
the following day
. Your campground use fee allows you to walk into the Applewhite Picnic Area for day use purposes (located across the street, hours vary).",,"Front Country Ranger District
Address:
1209 Lytle Creek Road Lytle Creek, CA 92358
Phone:
(909) 382-2851
Hours:
Wednesday-Sunday from 8:00 am to 4:30 pm, Monday & Tuesday Closed",34.25981,-117.493268,,Restrooms are available at this site.,Potable water is not available at this site.,,,False
1,Arrastre - Deer Springs PCT Trail Camp (hike-in only),https://www.fs.usda.gov/r05/sanbernardino/recreation/arrastre-deer-springs-pct-trail-camp-hike-only,San Bernardino National Forest,https://www.fs.usda.gov/r05/sanbernardino,,No fees are associated with this site.,,"Mountaintop Ranger District and Discovery Center
Address:
40971  North Shore Drive, Highway 38 Fawnskin, CA 92333
Phone:
(909) 382-2790
Hours:
Thursday-Monday from 9:00 am to 4:00 pm, Tuesday & Wednesday Closed",34.2145,-116.741144,,Restrooms are not available at this site.,Potable water is not available at this site.,,,False
2,Barton Flats Family Campground,https://www.fs.usda.gov/r05/sanbernardino/recreation/barton-flats-family-campground,San Bernardino National Forest,https://www.fs.usda.gov/r05/sanbernardino,03/21/2025 - 10/25/2025,"Single Site $36 - Holiday $38 - 8 person maximum
Double Site $71- Holiday $73 - 16 person maximum
Camping fee includes entry for 1 vehicle.
Extra vehicle fee $8 per night.
RV dump $10
Checks under $50 not accepted.",,"Mill Creek Visitor Center
Address:
34701 Mill Creek Road Mentone, CA 92359
Phone:
(909) 382-2882
Hours:
Saturday-Sunday 9:00 am to 4:00 pm (Closed on
federal holidays
)",34.17083333,-116.8741667,From the Big Bear Discovery Center take SR-38 towards Redlands for 25.8 miles and turn right into the campground.,,Potable water is available at this site.,,,False
3,Bench PCT Trail Camp (hike-in only),https://www.fs.usda.gov/r05/sanbernardino/recreation/bench-pct-trail-camp-hike-only,San Bernardino National Forest,https://www.fs.usda.gov/r05/sanbernardino,,No fees are associated with this site.,,"Mountaintop Ranger District and Discovery Center
Address:
40971  North Shore Drive, Highway 38 Fawnskin, CA 92333
Phone:
(909) 382-2790
Hours:
Thursday-Monday from 9:00 am to 4:00 pm, Tuesday & Wednesday Closed",34.210175,-117.12358056,,Restrooms are not available at this site.,,,,False
4,Big Bear Yellow Post Sites,https://www.fs.usda.gov/r05/sanbernardino/recreation/big-bear-yellow-post-sites,San Bernardino National Forest,https://www.fs.usda.gov/r05/sanbernardino,,No fees are associated with this site.,,"Mountaintop Ranger District and Discovery Center
Address:
40971  North Shore Drive, Highway 38 Fawnskin, CA 92333
Phone:
(909) 382-2790
Hours:
Thursday-Monday from 9:00 am to 4:00 pm, Tuesday & Wednesday Closed",34.27481667,-116.9827,,Restrooms are not available at this site.,Potable water is not available at this site.,,,False
5,Big Pine Flat Equestrian Group Campground,https://www.fs.usda.gov/r05/sanbernardino/recreation/big-pine-flat-equestrian-group-campground,San Bernardino National Forest,https://www.fs.usda.gov/r05/sanbernardino,04/19/2024 - 10/05/2024,Group Site $127 - Holiday $137,,"Mountaintop Ranger District and Discovery Center
Address:
40971  North Shore Drive, Highway 38 Fawnskin, CA 92333
Phone:
(909) 382-2790
Hours:
Thursday-Monday from 9:00 am to 4:00 pm, Tuesday & Wednesday Closed",34.31972222,-117.0102778,"Take I-10 East to Redlands. Take the University Street exit, EXIT 80. Turn left (northbound) on University Street. Turn right onto E. Lugonia Avenue/SR-38. Continue on State Highway 38 into Big Bear City, to E. Big Bear Blvd. Turn left onto E. Big Bear Blvd./SR-38. Turn right onto Greenway Drive/SR-18/SR-38. Turn left onto North Shore Drive, SR-38. Continue on North Shore Drive/Hwy 38 until you reach the City of Fawnskin. As you reach the “Y”, veer right on to Rim of the World Drive, past the County Fire Station 96. Continue on Rim of the World, after the pavement ends the road turns into Forest Road 3N14. Proceed on 3N14 continue to Forest Service Road 3N16. Turn left on to Forest Service Road 3N16 for approximately 0.3 of a mile. The campground is accessed by the dirt road to your right.",Restrooms are not available at this site.,Potable water is not available at this site.,,,False
6,Big Pine Flat Family Campground,https://www.fs.usda.gov/r05/sanbernardino/recreation/big-pine-flat-family-campground,San Bernardino National Forest,https://www.fs.usda.gov/r05/sanbernardino,04/19/2025 - 10/05/2025,"Single Site $29 - Holiday $30 - 8 person maximum
Camping fee includes entry for 1 vehicle.
Extra vehicle fee $8 per night.
Checks under $50 not accepted.",,"Mountaintop Ranger District and Discovery Center
Address:
40971  North Shore Drive, Highway 38 Fawnskin, CA 92333
Phone:
(909) 382-2790
Hours:
Thursday-Monday from 9:00 am to 4:00 pm, Tuesday & Wednesday Closed",34.32055556,-116.0116667,"Take I-10 East to Redlands. Take the University Street exit, EXIT 80. Turn left (northbound) on University Street. Turn right onto E. Lugonia Avenue/SR-38. Continue on State Highway 38 into Big Bear City, to E. Big Bear Blvd. Turn left onto E. Big Bear Blvd./SR-38. Turn right onto Greenway Drive/SR-18/SR-38. Turn left onto North Shore Drive, SR-38. Continue on North Shore Drive/Hwy 38 until you reach the City of Fawnskin. As you reach the “Y”, veer right on to Rim of the World Drive, past the County Fire Station 96. Continue on Rim of the World, after the pavement ends the road turns into Forest Road 3N14. This dirt road will take you approximately 7 miles to Big Pine Flat Campground. The Big Pine Flat Campground entrance gates will be on your left, 50 yards past 3N16.",Restrooms are not available at this site.,Potable water is not available at this site.,,,False
7,Black Mountain Group Campground,https://www.fs.usda.gov/r05/sanbernardino/recreation/black-mountain-group-campground,San Bernardino National Forest,https://www.fs.usda.gov/r05/sanbernardino,,$60 to $120,,"San Jacinto Ranger District
Address:
P.O. Box 518 Idyllwild, CA 92549
Phone:
(909) 382-2921
Hours:
Thursday through Monday from 8:00 am to 4:00 pm; Closed for lunch 12:00 pm - 1:00 pm",33.83305556,-116.7402778,,Restrooms are not available at this site.,Potable water is not available at this site.,,,False
8,Black Mountain Yellow Post Sites,https://www.fs.usda.gov/r05/sanbernardino/recreation/black-mountain-yellow-post-sites,San Bernardino National Forest,https://www.fs.usda.gov/r05/sanbernardino,,No fees are associated with this site.,,"San Jacinto Ranger District
Address:
P.O. Box 518 Idyllwild, CA 92549
Phone:
(909) 382-2921
Hours:
Thursday through Monday from 8:00 am to 4:00 pm; Closed for lunch 12:00 pm - 1:00 pm",33.83306,-116.74002,,Restrooms are not available at this site.,Potable water is not available at this site.,,,False
9,Bluff Mesa Group Campground,https://www.fs.usda.gov/r05/sanbernardino/recreation/bluff-mesa-group-campground,San Bernardino National Forest,https://www.fs.usda.gov/r05/sanbernardino,04/19/2024 - 10/05/2024,Group Site $149 - Holiday $159,,"Mountaintop Ranger District and Discovery Center
Address:
40971  North Shore Drive, Highway 38 Fawnskin, CA 92333
Phone:
(909) 382-2790
Hours:
Thursday-Monday from 9:00 am to 4:00 pm, Tuesday & Wednesday Closed",34.2229,-116.9757,"Take I-10 East to Redlands. Take the University Street exit, EXIT 80. Turn left (northbound) on University Street. Turn right onto E. Lugonia Avenue/SR-38. Continue on State Highway 38 into Big Bear City, to E. Big Bear Blvd. Turn left on to E. Big Bear Blvd./SR-38. Continue westbound on Big Bear Blvd/SR-18 into the City of Big Bear Lake. From State Highway 18, west of the village, turn left on to Millcreek Road. Proceed past Aspen Glen Picnic Area, 0.4 mile and turn left to continue on to Millcreek Road to Forest Road 2N10. Proceed on 2N10 for 0.8 mile to the end of pavement. Continue on 2N10 past Cedar Lake turnoff. Proceed on 2N10 for 3.3 miles to 2N86. Turn right on 2N86 and continue for 0.6 of a mile. Turn left on 2N86A and proceed 0.1 mile, then turn right for 0.2 of a mile to Bluff Mesa Group Campground.",Restrooms are not available at this site.,Potable water is not available at this site.,,,False
10,Boulder Basin Campground,https://www.fs.usda.gov/r05/sanbernardino/recreation/boulder-basin-campground,San Bernardino National Forest,https://www.fs.usda.gov/r05/sanbernardino,05/22/2025 - 10/27/2025,$10 per night (incudes 1 vehicle) + $5 for each additional vehicle.,,"San Jacinto Ranger District
Address:
P.O. Box 518 Idyllwild, CA 92549
Phone:
(909) 382-2921
Hours:
Thursday through Monday from 8:00 am to 4:00 pm; Closed for lunch 12:00 pm - 1:00 pm",33.82611111,-116.7561111,"From I-10W exit Hargrave St, turn left onto Hargrave St, then right on Lincoln St. then left on San Gorgonio Ave/Highway 243.",Restrooms are not available at this site.,Potable water is not available at this site.,,,False
11,Boulder Group Campground,https://www.fs.usda.gov/r05/sanbernardino/recreation/boulder-group-campground,San Bernardino National Forest,https://www.fs.usda.gov/r05/sanbernardino,04/19/2024 - 10/05/2024,Group Site $149 - Holiday $159,,"San Jacinto Ranger District
Address:
P.O. Box 518 Idyllwild, CA 92549
Phone:
(909) 382-2921
Hours:
Thursday through Monday from 8:00 am to 4:00 pm; Closed for lunch 12:00 pm - 1:00 pm",34.22444444,-116.9461111,"Take I-10 East to Redlands. Take the University Street exit, EXIT 80. Turn left (northbound) on University Street. Turn right onto E. Lugonia Avenue/SR-38. Continue on State Highway 38 into Big Bear City, to E. Big Bear Blvd. Turn left on to E. Big Bear Blvd./SR-38. Continue westbound on Big Bear Blvd/SR-18 into the City of Big Bear Lake. From State Highway 18, west of the village, turn left on to Millcreek Road. Proceed past Aspen Glen Picnic Area, 0.4 mile and turn left to continue on to Millcreek Road to Forest Road 2N10. Proceed on 2N10 for 0.8 mile to the end of pavement. Continue on 2N10 past Cedar Lake turnoff. (1.2 miles from Highway 18). Proceed on 2N10, 1.5 miles to Forest Service Road 2N10B, turn right. Continue 0.2 mile, then turn right to Boulder Group Campground. .",Restrooms are not available at this site.,Potable water is not available at this site.,,,False
12,Buttercup Group Campground,https://www.fs.usda.gov/r05/sanbernardino/recreation/buttercup-group-campground,San Bernardino National Forest,https://www.fs.usda.gov/r05/sanbernardino,04/19/2024 - 10/05/2024,Group Site $149 - Holiday $159,,"Mountaintop Ranger District and Discovery Center
Address:
40971  North Shore Drive, Highway 38 Fawnskin, CA 92333
Phone:
(909) 382-2790
Hours:
Thursday-Monday from 9:00 am to 4:00 pm, Tuesday & Wednesday Closed",34.234866,-116.879362,"Take I-10 East to Redlands. Take the University Street exit, EXIT 80. Turn left (northbound) on University Street. Turn right onto E. Lugonia Avenue/SR-38. Continue on State Highway 38 into Big Bear City, to E. Big Bear Blvd. Turn left on to E. Big Bear Blvd./SR-38. Continue westbound on Big Bear Blvd/SR-18 into the City of Big Bear Lake. Continue on Hwy 18 to Summit Blvd. Turn left on Summit Blvd. (signal light) and continue to the end of Summit Blvd. Turn left on the last road at the end of summit Blvd. and continue past Pineknot Campground about 0.1 mile to Buttercup Group Camp. Road is passable by all vehicles.",Restrooms are not available at this site.,Potable water is available at this site.,,,False
13,Clark's Ranch Yellow Post Site,https://www.fs.usda.gov/r05/sanbernardino/recreation/clarks-ranch-yellow-post-site,San Bernardino National Forest,https://www.fs.usda.gov/r05/sanbernardino,,No fees are associated with this site.,,"Mill Creek Visitor Center
Address:
34701 Mill Creek Road Mentone, CA 92359
Phone:
(909) 382-2882
Hours:
Saturday-Sunday 9:00 am to 4:00 pm (Closed on
federal holidays
)",34.31942778,-117.01355,,Restrooms are not available at this site.,Potable water is not available at this site.,,,False
14,Coldwater Canyon Yellow Post Sites,https://www.fs.usda.gov/r05/sanbernardino/recreation/coldwater-canyon-yellow-post-sites,San Bernardino National Forest,https://www.fs.usda.gov/r05/sanbernardino,,No fees are associated with this site.,,"Front Country Ranger District
Address:
1209 Lytle Creek Road Lytle Creek, CA 92358
Phone:
(909) 382-2851
Hours:
Wednesday-Sunday from 8:00 am to 4:30 pm, Monday & Tuesday Closed",34.279171,-117.598109,,Restrooms are not available at this site.,Potable water is not available at this site.,,,False
15,Coon Creek Cabin Group Campground,https://www.fs.usda.gov/r05/sanbernardino/recreation/coon-creek-cabin-group-campground,San Bernardino National Forest,https://www.fs.usda.gov/r05/sanbernardino,05/02/2025 - 10/04/2025,"Group $127 per night, Holiday $137 per night.",,"Mountaintop Ranger District and Discovery Center
Address:
40971  North Shore Drive, Highway 38 Fawnskin, CA 92333
Phone:
(909) 382-2790
Hours:
Thursday-Monday from 9:00 am to 4:00 pm, Tuesday & Wednesday Closed",34.14916667,-116.7097222,"Take I-10 East to Redlands. Take the University Street exit, EXIT 80. Turn left (northbound) on University Street. Turn right onto E. Lugonia Avenue/SR-38. Continue on State Highway 38. From the Mill Creek Work Station go approximately 24.7 miles to Forest Service Road 1N02. Make a right on 1N02, follow the signs to Coon Creek Campground, for approximately 6 miles.",Restrooms are not available at this site.,Potable water is not available at this site.,,,False
16,Coon Creek Yellow Post Sites,https://www.fs.usda.gov/r05/sanbernardino/recreation/coon-creek-yellow-post-sites,San Bernardino National Forest,https://www.fs.usda.gov/r05/sanbernardino,,No fees are associated with this site.,,"Mountaintop Ranger District and Discovery Center
Address:
40971  North Shore Drive, Highway 38 Fawnskin, CA 92333
Phone:
(909) 382-2790
Hours:
Thursday-Monday from 9:00 am to 4:00 pm, Tuesday & Wednesday Closed",34.150431,-116.766336,,Restrooms are not available at this site.,Potable water is not available at this site.,,,False
17,Council Group Campground,https://www.fs.usda.gov/r05/sanbernardino/recreation/council-group-campground,San Bernardino National Forest,https://www.fs.usda.gov/r05/sanbernardino,03/21/2025 - 10/25/2025,"Group $243 per night, Holiday $253 per night",,"Mountaintop Ranger District and Discovery Center
Address:
40971  North Shore Drive, Highway 38 Fawnskin, CA 92333
Phone:
(909) 382-2790
Hours:
Thursday-Monday from 9:00 am to 4:00 pm, Tuesday & Wednesday Closed",34.17111111,-116.8819444,"Take I-10 East to Redlands. Take the University Street exit, EXIT 80. Turn left (northbound) on University Street. Turn right onto E. Lugonia Avenue/SR-38. Continue on State Highway 38. From the Mill Creek Work Station go approximately 17 miles to campground.",Restrooms are not available at this site.,Potable water is not available at this site.,,,False
18,Crab Flats Family Campground,https://www.fs.usda.gov/r05/sanbernardino/recreation/crab-flats-family-campground,San Bernardino National Forest,https://www.fs.usda.gov/r05/sanbernardino,04/19/2024 - 10/05/2024,"Single Site $27 - Holiday $29 - 8 person maximum
Camping fee includes entry for 1 vehicle.
Extra vehicle fee $8 per night.
Checks under $50 not accepted.",,"Mountaintop Ranger District and Discovery Center
Address:
40971  North Shore Drive, Highway 38 Fawnskin, CA 92333
Phone:
(909) 382-2790
Hours:
Thursday-Monday from 9:00 am to 4:00 pm, Tuesday & Wednesday Closed",34.26361111,-117.0852778,"From Running Springs, travel toward Arrowbear, to Green Valley Road. Turn left, drive approximately 4 miles to Crab Flats Campground sign. Turn left and continue about 4 miles to the campground.",Restrooms are not available at this site.,Potable water is not available at this site.,,,False
19,Dark Canyon Campground,https://www.fs.usda.gov/r05/sanbernardino/recreation/dark-canyon-campground,San Bernardino National Forest,https://www.fs.usda.gov/r05/sanbernardino,,$12 per night (includes 1 vehicle)  + $5 per additional vehicle.  Use fee envelopes to pay by cash or check on site.,,"San Jacinto Ranger District
Address:
P.O. Box 518 Idyllwild, CA 92549
Phone:
(909) 382-2921
Hours:
Thursday through Monday from 8:00 am to 4:00 pm; Closed for lunch 12:00 pm - 1:00 pm",33.803978,-116.732053,"From I-10E exit 8th St in Banning California, turn right onto 8th St, then left on Lincoln St, then right on San Gorgonio Ave/Highway 243. From I-10W exit Hargrave St, turn left onto Hargrave St, then right on Lincoln St. then left on San Gorgonio Ave/Highway 243. Go South on 243 for approximately 20 miles just past the Alandale Fire Station. Go left at Azalea Trails Rd (Stone Creek Campground Road) for 2.5 miles.",Restrooms are not available at this site.,Potable water is not available at this site.,,,False
20,Deer Group Campground,https://www.fs.usda.gov/r05/sanbernardino/recreation/deer-group-campground,San Bernardino National Forest,https://www.fs.usda.gov/r05/sanbernardino,05/03/2024 - 10/05/2024,Group Site $149 - Holiday $159,,"Mountaintop Ranger District and Discovery Center
Address:
40971  North Shore Drive, Highway 38 Fawnskin, CA 92333
Phone:
(909) 382-2790
Hours:
Thursday-Monday from 9:00 am to 4:00 pm, Tuesday & Wednesday Closed",34.220976,-116.918319,"Take I-10 East to Redlands. Take the University Street exit, EXIT 80. Turn left (northbound) on University Street. Turn right onto E. Lugonia Avenue/SR-38. Continue on State Highway 38 into Big Bear City, to E. Big Bear Blvd. Turn left on to E. Big Bear Blvd./SR-38. Continue westbound on Big Bear Blvd/SR-18 into the City of Big Bear Lake. From State Highway 18, west of the village, turn left on to Millcreek Road. Proceed past Aspen Glen Picnic Area, 0.4 of a mile and turn left to continue on to Millcreek Road to Forest Road 2N10. Proceed on 2N10 for 0.8 mile to the end of pavement. Continue on 2N10 past Cedar Lake turnoff. Proceed on 2N10 to 2N08 (7.9 miles from the Cedar Lake turnoff). Go left on 2N08 and proceed 0.6 of a mile to 2N45Yk, turn right.",Restrooms are not available at this site.,Potable water is not available at this site.,,,False
21,Doble PCT Trail Camp (hike-in only),https://www.fs.usda.gov/r05/sanbernardino/recreation/doble-pct-trail-camp-hike-only,San Bernardino National Forest,https://www.fs.usda.gov/r05/sanbernardino,,No fees are associated with this site.,,"Mountaintop Ranger District and Discovery Center
Address:
40971  North Shore Drive, Highway 38 Fawnskin, CA 92333
Phone:
(909) 382-2790
Hours:
Thursday-Monday from 9:00 am to 4:00 pm, Tuesday & Wednesday Closed",34.29916667,-116.8227778,,Restrooms are not available at this site.,,,,False
22,Dogwood Family Campground,https://www.fs.usda.gov/r05/sanbernardino/recreation/dogwood-family-campground,San Bernardino National Forest,https://www.fs.usda.gov/r05/sanbernardino,04/19/2024 - 10/26/2024,"Single Site $40 - Holiday $42 - 8 person maximum
Double Site $73- Holiday $79 - 16 person maximum
Single Site with Hook up Site $51.00 - Holiday $53 - 8 person maximum
Camping fee includes entry for 1 vehicle.
Extra vehicle fee $8 per night.
RV dump $10
Checks under $50 not accepted.",,"Mountaintop Ranger District and Discovery Center
Address:
40971  North Shore Drive, Highway 38 Fawnskin, CA 92333
Phone:
(909) 382-2790
Hours:
Thursday-Monday from 9:00 am to 4:00 pm, Tuesday & Wednesday Closed",34.23472222,-117.2122222,"From San Bernardino, take North Waterman Avenue, which becomes CA-18, towards Lake Arrowhead. Proceed for approximately 15 miles. Use the second left turn lane after Rimforest (going east). Turn slight left on to Daley Canyon Access Road. Daley Canyon Access Road is 0.3 miles past Bear Springs Road. Daley Canyon Access Road becomes CA-189/Lakes Edge Road. Turn right into the campground entrance. This road will bring you straight into the campground.",Restrooms are not available at this site.,Potable water is not available at this site.,,,False
23,Fern Basin Campground,https://www.fs.usda.gov/r05/sanbernardino/recreation/fern-basin-campground,San Bernardino National Forest,https://www.fs.usda.gov/r05/sanbernardino,05/22/2025 - 11/10/2025,$10 per night (includes 1 vehicle) + $5 additional vehicle,,"San Jacinto Ranger District
Address:
P.O. Box 518 Idyllwild, CA 92549
Phone:
(909) 382-2921
Hours:
Thursday through Monday from 8:00 am to 4:00 pm; Closed for lunch 12:00 pm - 1:00 pm",33.78972222,-116.7355556,,Restrooms are not available at this site.,Potable water is not available at this site.,,,False
24,Fisherman's Group Campground,https://www.fs.usda.gov/r05/sanbernardino/recreation/fishermans-group-campground,San Bernardino National Forest,https://www.fs.usda.gov/r05/sanbernardino,04/22/2025 - 11/20/2025,$10 per night/per site,,"Mountaintop Ranger District and Discovery Center
Address:
40971  North Shore Drive, Highway 38 Fawnskin, CA 92333
Phone:
(909) 382-2790
Hours:
Thursday-Monday from 9:00 am to 4:00 pm, Tuesday & Wednesday Closed",34.24666667,-117.1094444,From Running Springs:  Travel east on State Highway 18 and turn left on Green Valley Lake Road.   Turn left on Forest Road 3N16 towards the Crab Flats Campground.,Restrooms are not available at this site.,Potable water is not available at this site.,,,False
25,Fuller Mill Creek Picnic Area,https://www.fs.usda.gov/r05/sanbernardino/recreation/fuller-mill-creek-picnic-area,San Bernardino National Forest,https://www.fs.usda.gov/r05/sanbernardino,,"Recreation Passes Honored:
Adventure Passes
,
Digital Recreation Pass
or
Interagency Recreation Passes
.",,"San Jacinto Ranger District
Address:
P.O. Box 518 Idyllwild, CA 92549
Phone:
(909) 382-2921
Hours:
Thursday through Monday from 8:00 am to 4:00 pm; Closed for lunch 12:00 pm - 1:00 pm",34.235063,-116.884067,,Restrooms are not available at this site.,Potable water is not available at this site.,,,False
26,Gobbler's Knob Yellow Post Sites,https://www.fs.usda.gov/r05/sanbernardino/recreation/gobblers-knob-yellow-post-sites,San Bernardino National Forest,https://www.fs.usda.gov/r05/sanbernardino,,No fees are associated with this site.,,"Front Country Ranger District
Address:
1209 Lytle Creek Road Lytle Creek, CA 92358
Phone:
(909) 382-2851
Hours:
Wednesday-Sunday from 8:00 am to 4:30 pm, Monday & Tuesday Closed",34.30629,-117.55577,,Restrooms are not available at this site.,Potable water is not available at this site.,,,False
27,Goff Flat Yellow Post Site,https://www.fs.usda.gov/r05/sanbernardino/recreation/goff-flat-yellow-post-site,San Bernardino National Forest,https://www.fs.usda.gov/r05/sanbernardino,,No fees are associated with this site.,,"San Jacinto Ranger District
Address:
P.O. Box 518 Idyllwild, CA 92549
Phone:
(909) 382-2921
Hours:
Thursday through Monday from 8:00 am to 4:00 pm; Closed for lunch 12:00 pm - 1:00 pm",33.640599,-116.597525,,Restrooms are not available at this site.,Potable water is not available at this site.,,,False
28,Gray's Peak Group Campground,https://www.fs.usda.gov/r05/sanbernardino/recreation/grays-peak-group-campground,San Bernardino National Forest,https://www.fs.usda.gov/r05/sanbernardino,05/03/2024 - 10/05/2024,"Overnight Use:
Group Site: $149 per night
Additional Holiday Fee: $10 per night
Group Site $149 - Holiday $159",,"Mountaintop Ranger District and Discovery Center
Address:
40971  North Shore Drive, Highway 38 Fawnskin, CA 92333
Phone:
(909) 382-2790
Hours:
Thursday-Monday from 9:00 am to 4:00 pm, Tuesday & Wednesday Closed",34.26277778,-116.9469444,"Take I-10 east (State Hwy 330) to Running Springs, CA. Take State Hwy 18 to Big Bear Lake Dam. At the signal light make a left at the dam. Go straight on SH-38 to Fawnskin and left on Rim of the World Drive (3N14) for 1.2 miles to 2N13. Follow 2N13 for a short distance to the campground.",Restrooms are not available at this site.,Potable water is not available at this site.,,,False
29,Green Spot Equestrian Group,https://www.fs.usda.gov/r05/sanbernardino/recreation/green-spot-equestrian-group,San Bernardino National Forest,https://www.fs.usda.gov/r05/sanbernardino,05/03/2024 - 10/05/2024,Group Site $127 - Holiday $137,,"Mountaintop Ranger District and Discovery Center
Address:
40971  North Shore Drive, Highway 38 Fawnskin, CA 92333
Phone:
(909) 382-2790
Hours:
Thursday-Monday from 9:00 am to 4:00 pm, Tuesday & Wednesday Closed",34.22611111,-116.8088889,"From the Big Bear Ranger Station, turn left on Highway 38 and proceed east for 3.0 miles to Greenway, turn right continue past the airport to the signal at Big Bear Blvd.. Turn right (Big Bear Blvd. is Hwy 38) continue on Hwy 38 for 3.9 miles to Forest Road 2N93. On the opposite side of the road will be Hatchery Rd., turn right on Forest Road 2N93 and continue for approximately 1/2 mile to the second dirt road to your left (this road will not be marked). Proceed up this road 50 yards to Green Spot Group Campground.",Restrooms are not available at this site.,Potable water is not available at this site.,,,False
30,Green Valley Family Campground,https://www.fs.usda.gov/r05/sanbernardino/recreation/green-valley-family-campground,San Bernardino National Forest,https://www.fs.usda.gov/r05/sanbernardino,05/03/2024 - 10/19/2024,"Single Site $29- Holiday $31 - 8 person maximum
Double Site $56- Holiday $57 - 16 person maximum
Camping fee includes entry for 1 vehicle.
Extra vehicle fee $8 per night.
Checks under $50 not accepted.",,"Mountaintop Ranger District and Discovery Center
Address:
40971  North Shore Drive, Highway 38 Fawnskin, CA 92333
Phone:
(909) 382-2790
Hours:
Thursday-Monday from 9:00 am to 4:00 pm, Tuesday & Wednesday Closed",34.244804,-117.063226,"Take Freeway to 330 north. Go through Running Springs and Arrowbear to Green Valley Lake Road. Turn left, 6 miles through town to Dead End and Campground entrance.",Restrooms are not available at this site.,Potable water is not available at this site.,,,False
31,Hanna Flat Family Campground,https://www.fs.usda.gov/r05/sanbernardino/recreation/hanna-flat-family-campground,San Bernardino National Forest,https://www.fs.usda.gov/r05/sanbernardino,,"Single Site $33 - Holiday $35 - 8 person maximum
Double Site $65- Holiday $67 - 16 person maximum
Camping fee includes entry for 1 vehicle.
Extra vehicle fee $8 per night.
Checks under $50 not accepted.",,"Mountaintop Ranger District and Discovery Center
Address:
40971  North Shore Drive, Highway 38 Fawnskin, CA 92333
Phone:
(909) 382-2790
Hours:
Thursday-Monday from 9:00 am to 4:00 pm, Tuesday & Wednesday Closed",34.28777778,-116.9741667,"Take I-10 East to San Bernardino. Merge onto CA-210 W via Exit 77 toward CA-330/Highland. Merge onto CA-330 N via Exit 81 toward Mtn Resorts. CA-330 N becomes CA-18. Take State Highway 18 to Big Bear. Turn left onto CA-38 at the Signal light to Fawnskin. Turn left onto Rim of the World Drive. Continue past the County Fire Station. Continue on Rim of the World Drive, after the pavement ends the road turns into Forest Road 3N14. This dirt road will take you approximately 2.5 miles to Hanna Flat Campground. The campground is located on the left.",Restrooms are not available at this site.,Potable water is not available at this site.,,,False
32,Heart Bar Equestrian Group Campground,https://www.fs.usda.gov/r05/sanbernardino/recreation/heart-bar-equestrian-group-campground,San Bernardino National Forest,https://www.fs.usda.gov/r05/sanbernardino,04/18/2025 - 10/04/2025,Group Site $314 - Holiday $324,,"Mountaintop Ranger District and Discovery Center
Address:
40971  North Shore Drive, Highway 38 Fawnskin, CA 92333
Phone:
(909) 382-2790
Hours:
Thursday-Monday from 9:00 am to 4:00 pm, Tuesday & Wednesday Closed",34.15277778,-116.7738889,"Take I-10 East to Redlands. Take the University Street exit, EXIT 80. Turn left (northbound) on University Street. Turn right onto E. Lugonia Avenue/SR-38. Continue on State Highway 38. From the Mill Creek Work Station go approximately 24.55 miles to Forest Service Road 1N02. Make a right on FS Road 1N02. Continue on 1N02 to Heart Bar Equestrian Group Campground.",Restrooms are not available at this site.,Potable water is not available at this site.,,,False
33,Heart Bar Family Campground,https://www.fs.usda.gov/r05/sanbernardino/recreation/heart-bar-family-campground,San Bernardino National Forest,https://www.fs.usda.gov/r05/sanbernardino,04/18/2025 - 10/04/2025,"Single Site $29 - Holiday $31 - 8 person maximum
Double Site $56- Holiday $58 - 16 person maximum
Camping fee includes entry for 1 vehicle.
Extra vehicle fee $8 per night.
Checks under $50 not accepted.",,"Mountaintop Ranger District and Discovery Center
Address:
40971  North Shore Drive, Highway 38 Fawnskin, CA 92333
Phone:
(909) 382-2790
Hours:
Thursday-Monday from 9:00 am to 4:00 pm, Tuesday & Wednesday Closed",34.15861111,-116.7855556,From the Discovery Center take SR Hwy 38 towards Redlands for 20.3 miles and turn left into the campground.,Restrooms are not available at this site.,Potable water is available at this site.,,,False
34,Holcomb Crossing PCT Trail Camp (hike in only),https://www.fs.usda.gov/r05/sanbernardino/recreation/holcomb-crossing-pct-trail-camp-hike-only,San Bernardino National Forest,https://www.fs.usda.gov/r05/sanbernardino,,No fees are associated with this site.,,"Mountaintop Ranger District and Discovery Center
Address:
40971  North Shore Drive, Highway 38 Fawnskin, CA 92333
Phone:
(909) 382-2790
Hours:
Thursday-Monday from 9:00 am to 4:00 pm, Tuesday & Wednesday Closed",34.27523056,-117.07365834,,Restrooms are not available at this site.,,,,False
35,Holcomb Valley Campground,https://www.fs.usda.gov/r05/sanbernardino/recreation/holcomb-valley-campground,San Bernardino National Forest,https://www.fs.usda.gov/r05/sanbernardino,,"Single Site $27 - Holiday $28 - 8 person maximum
Camping fee includes entry for 1 vehicle.
Extra vehicle fee $8 per night.
Checks under $50 not accepted.",,"Mountaintop Ranger District and Discovery Center
Address:
40971  North Shore Drive, Highway 38 Fawnskin, CA 92333
Phone:
(909) 382-2790
Hours:
Thursday-Monday from 9:00 am to 4:00 pm, Tuesday & Wednesday Closed",34.30194444,-116.8944444,"For winter access take Polique Canyon Road when Van Dusen Canyon Road is closed for winter.  From Fawnskin, continue on North Shoe Drive/Hwy 38 to Polique Canyon Road. Make a left, Polique Canyon Road becomes Forest Service Road 2N09. Continue on 2N09 for approximately 4 miles. Make a right hand turn (east ) on 3N16 for ¾ of a mile. Holcomb Valley Campground will be on your left hand side.",Restrooms are not available at this site.,Potable water is not available at this site.,,,False
36,Horse Springs Campground,https://www.fs.usda.gov/r05/sanbernardino/recreation/horse-springs-campground,San Bernardino National Forest,https://www.fs.usda.gov/r05/sanbernardino,Year-Round,$10 per night/per site. Please be prepared to pay with either cash or check. America the Beautiful Interagency Senior and Access Passes provide for 50% off site fees per night. Include pass number on envelope when paying.,,"Mountaintop Ranger District and Discovery Center
Address:
40971  North Shore Drive, Highway 38 Fawnskin, CA 92333
Phone:
(909) 382-2790
Hours:
Thursday-Monday from 9:00 am to 4:00 pm, Tuesday & Wednesday Closed",34.35222222,-117.0688889,,Restrooms are not available at this site.,Potable water is not available at this site.,,,False
37,Ironwood Group Campground,https://www.fs.usda.gov/r05/sanbernardino/recreation/ironwood-group-campground,San Bernardino National Forest,https://www.fs.usda.gov/r05/sanbernardino,05/05/2024 - 10/05/2024,Group Site $127 - Holiday $137,,"Mountaintop Ranger District and Discovery Center
Address:
40971  North Shore Drive, Highway 38 Fawnskin, CA 92333
Phone:
(909) 382-2790
Hours:
Thursday-Monday from 9:00 am to 4:00 pm, Tuesday & Wednesday Closed",34.30333333,-117.0113889,"Take I-10 East to Redlands. Take the University Street exit, EXIT 80. Turn left (northbound) on University Street. Turn right onto E. Lugonia Avenue/SR-38. Continue on State Highway 38 into Big Bear City, to E. Big Bear Blvd. Turn left onto E. Big Bear Blvd./SR-38. Turn right onto Greenway Drive/CA-18/SR-38. Turn left onto North Shore Drive, SR-38. Continue on North Shore Drive/Hwy 38 until you reach the City of Fawnskin. As you reach the “Y”, veer right on to Rim of the World Drive, past the County Fire Station 96. Continue on Rim of the World, after the pavement ends the road turns into Forest Road 3N14. This dirt road will take you approximately 6.1 miles. Turn left, then right on 3N97 for a short distance to the campground.",Restrooms are not available at this site.,Potable water is not available at this site.,,,False
38,Joe Elliot Yellow Post Sites,https://www.fs.usda.gov/r05/sanbernardino/recreation/joe-elliot-yellow-post-sites,San Bernardino National Forest,https://www.fs.usda.gov/r05/sanbernardino,,No fees are associated with this site.,,"Front Country Ranger District
Address:
1209 Lytle Creek Road Lytle Creek, CA 92358
Phone:
(909) 382-2851
Hours:
Wednesday-Sunday from 8:00 am to 4:30 pm, Monday & Tuesday Closed",34.23658,-117.526124,,Restrooms are not available at this site.,Potable water is not available at this site.,,,False
39,Juniper Springs Group Campground,https://www.fs.usda.gov/r05/sanbernardino/recreation/juniper-springs-group-campground,San Bernardino National Forest,https://www.fs.usda.gov/r05/sanbernardino,04/09/2024 - 10/05/2024,Group Site $149 - Holiday $157,,"Mountaintop Ranger District and Discovery Center
Address:
40971  North Shore Drive, Highway 38 Fawnskin, CA 92333
Phone:
(909) 382-2790
Hours:
Thursday-Monday from 9:00 am to 4:00 pm, Tuesday & Wednesday Closed",34.219891,-116.716311,"Take I-10 East to Redlands. Take the University Street exit, EXIT 80. Turn left (northbound) on University Street. Turn right onto E. Lugonia Avenue/SR-38. Continue on Highway 38 until you reach Forest Service Road 2N01. Make a right on FS Road 2N01 and proceed 2.2 miles. Turn right just before the junction of 2N04 and 2N01, proceed 0.6 mile and part at the camp. Vehicles with a high clearance is recommended. It is not recommended for trailers.",Restrooms are not available at this site.,Potable water is not available at this site.,,,False
40,Keller Peak Yellow Post Sites,https://www.fs.usda.gov/r05/sanbernardino/recreation/keller-peak-yellow-post-sites,San Bernardino National Forest,https://www.fs.usda.gov/r05/sanbernardino,,No fees are associated with this site.,,"Mountaintop Ranger District and Discovery Center
Address:
40971  North Shore Drive, Highway 38 Fawnskin, CA 92333
Phone:
(909) 382-2790
Hours:
Thursday-Monday from 9:00 am to 4:00 pm, Tuesday & Wednesday Closed",34.206535,-117.043698,,Restrooms are not available at this site.,Potable water is not available at this site.,,,False
41,Little Bear Springs PCT Trail Camp (hike-in only),https://www.fs.usda.gov/r05/sanbernardino/recreation/little-bear-springs-pct-trail-camp-hike-only,San Bernardino National Forest,https://www.fs.usda.gov/r05/sanbernardino,,,,"Mountaintop Ranger District and Discovery Center
Address:
40971  North Shore Drive, Highway 38 Fawnskin, CA 92333
Phone:
(909) 382-2790
Hours:
Thursday-Monday from 9:00 am to 4:00 pm, Tuesday & Wednesday Closed",34.30111111,-116.9763889,,Restrooms are not available at this site.,,,,False
42,Lobo Group Campground,https://www.fs.usda.gov/r05/sanbernardino/recreation/lobo-group-campground,San Bernardino National Forest,https://www.fs.usda.gov/r05/sanbernardino,04/18/2025 - 09/20/2025,Group Site $362 - Holiday $372,,"Mountaintop Ranger District and Discovery Center
Address:
40971  North Shore Drive, Highway 38 Fawnskin, CA 92333
Phone:
(909) 382-2790
Hours:
Thursday-Monday from 9:00 am to 4:00 pm, Tuesday & Wednesday Closed",34.17611111,-116.8611111,"Take I-10 East to Redlands. Take the University Street exit, EXIT 80. Turn left (northbound) on University Street. Turn right onto E. Lugonia Avenue/SR-38. Continue on State Highway 38. From the Mill Creek Work Station go approximately 22 miles to Lobo Group Campground.",Restrooms are not available at this site.,Potable water is available at this site.,,,False
43,Marion Mountain Campground,https://www.fs.usda.gov/r05/sanbernardino/recreation/marion-mountain-campground,San Bernardino National Forest,https://www.fs.usda.gov/r05/sanbernardino,05/22/25 - 11/10/2025,$10 per night (incudes 1 vehicle) + $5 each additional vehicle payable at the campground.,,"San Jacinto Ranger District
Address:
P.O. Box 518 Idyllwild, CA 92549
Phone:
(909) 382-2921
Hours:
Thursday through Monday from 8:00 am to 4:00 pm; Closed for lunch 12:00 pm - 1:00 pm",33.78388889,-116.7311111,"From I-10E exit 8th St in Banning California turn right onto 8th St, then left on Lincoln St, then right on San Gorgonio Ave/Highway 243. From I-10W exit Hargrave St, turn left onto Hargrave St, then right on Lincoln St. then left on San Gorgonio Ave/Highway 243. Go South on 243 for approximately 20 miles just past the Alandale Fire Station. Go left at Azalea Trails Rd (Stone Creek Campground Road) for 1.5 miles.",Restrooms are not available at this site.,Potable water is not available at this site.,,,False
44,Mission Springs PCT Trail Camp,https://www.fs.usda.gov/r05/sanbernardino/recreation/mission-springs-pct-trail-camp,San Bernardino National Forest,https://www.fs.usda.gov/r05/sanbernardino,,,,"Mountaintop Ranger District and Discovery Center
Address:
40971  North Shore Drive, Highway 38 Fawnskin, CA 92333
Phone:
(909) 382-2790
Hours:
Thursday-Monday from 9:00 am to 4:00 pm, Tuesday & Wednesday Closed",34.123246,-116.756393,,Restrooms are not available at this site.,Potable water is not available at this site.,,,False
45,Morton Peak Fire Lookout,https://www.fs.usda.gov/r05/sanbernardino/recreation/morton-peak-fire-lookout,San Bernardino National Forest,https://www.fs.usda.gov/r05/sanbernardino,,,,"Mill Creek Visitor Center
Address:
34701 Mill Creek Road Mentone, CA 92359
Phone:
(909) 382-2882
Hours:
Saturday-Sunday 9:00 am to 4:00 pm (Closed on
federal holidays
)",34.101389,-117.039722,"From Redlands/Mentone, take Hwy 38 toward Forest Falls - Big Bear. Approximately 1.5 miles past the Mill Creek Ranger Station and across from the Vista Point parking area, turn left and drive up Forest Service Road 1N12. This is a narrow dirt road and high clearance vehicles are recommended.  Four-wheel drive vehicles may also be required after rain/snow.  Drive on 1N12 approximately 1.5 miles to the gate (on left). Morton is located about another 1.5 miles past the gate on Forest Service Road 1S13 on the top of the peak.",Restrooms are available at this site.,Potable water is not available at this site.,,,False
46,North Shore Family Campground,https://www.fs.usda.gov/r05/sanbernardino/recreation/north-shore-family-campground,San Bernardino National Forest,https://www.fs.usda.gov/r05/sanbernardino,04/21/2023 - 10/02/2023,"Single Site $29 - Holiday $31 - 8 person maximum
Double Site $56- Holiday $57 - 16 person maximum
Camping fee includes entry for 1 vehicle.
Extra vehicle fee $8 per night.
RV dump $10
Checks under $50 not accepted.",,"Mountaintop Ranger District and Discovery Center
Address:
40971  North Shore Drive, Highway 38 Fawnskin, CA 92333
Phone:
(909) 382-2790
Hours:
Thursday-Monday from 9:00 am to 4:00 pm, Tuesday & Wednesday Closed",34.26777778,-117.1636111,"Take Highway 18 to Lake Arrowhead turn-off (Highway 173). Go approximately 2 miles to the stop sign at the Village. Turn right, go approximately 2 more miles around the lake, pass the dam and marinas, and turn right at the Mountains Community Hospital sign. Follow Hospital Road a short distance to the campground.",Restrooms are not available at this site.,Potable water is not available at this site.,,,False
47,Oso Group Campground,https://www.fs.usda.gov/r05/sanbernardino/recreation/oso-group-campground,San Bernardino National Forest,https://www.fs.usda.gov/r05/sanbernardino,04/18/2025 - 09/20/2025,Single Site $480 - Holiday $490,,,34.17555556,-116.8613889,"Take I-10 East to Redlands. Take the University Street exit, EXIT 80. Turn left (northbound) on University Street. Turn right onto E. Lugonia Avenue/SR-38. Continue on State Highway 38. From the Mill Creek Work Station go approximately 22 miles to Oso Group Campground.",Restrooms are not available at this site.,Potable water is available at this site.,,,False
48,Paiute Canyon Yellow Post Sites,https://www.fs.usda.gov/r05/sanbernardino/recreation/paiute-canyon-yellow-post-sites,San Bernardino National Forest,https://www.fs.usda.gov/r05/sanbernardino,,No fees are associated with this site.,,"Front Country Ranger District
Address:
1209 Lytle Creek Road Lytle Creek, CA 92358
Phone:
(909) 382-2851
Hours:
Wednesday-Sunday from 8:00 am to 4:30 pm, Monday & Tuesday Closed",34.31416667,-117.6077778,,Restrooms are not available at this site.,Potable water is not available at this site.,,,False
49,Pineknot Family Campground,https://www.fs.usda.gov/r05/sanbernardino/recreation/pineknot-family-campground,San Bernardino National Forest,https://www.fs.usda.gov/r05/sanbernardino,04/25/2024 - 10/19/2024,"Single Site $34 - Holiday $34 - 8 person maximum
Camping fee includes entry for 1 vehicle.
Extra vehicle fee $8 per night.
Checks under $50 not accepted.",,"Mountaintop Ranger District and Discovery Center
Address:
40971  North Shore Drive, Highway 38 Fawnskin, CA 92333
Phone:
(909) 382-2790
Hours:
Thursday-Monday from 9:00 am to 4:00 pm, Tuesday & Wednesday Closed",34.235063,-116.884067,"Take I-10 East to San Bernardino. Merge onto CA-210 W via Exit 77 toward CA-330/Highland. Merge onto CA-330 N via Exit 81 toward Mtn Resorts. CA-330 N becomes CA-18. Take State Highway 18 to Big Bear.  When you arrive at the Big Bear Lake Dam/Bridge- there is a signal light at the bridge. Go straight past the signal light. Continue on I-18 towards Big Bear Lake. Upon entering the City of Big Bear Lake, Hwy 18 is Big Bear Blvd. Make a left turn at the Village Sign and continue on Big Bear Blvd (east bound) direction until you arrive at Summit Blvd. Make a right hand turn at the signal light onto Summit Blvd. Continue on Summit Blvd towards Snow Summit Ski Resort (southbound direction). Make a left hand turn into the VIP parking lot. Follow the signs, making a right and then a left, following the road behind the condos. Pineknot Campground will be on your right.",Restrooms are not available at this site.,Potable water is not available at this site.,,,False
50,Pinyon Flat Campground,https://www.fs.usda.gov/r05/sanbernardino/recreation/pinyon-flat-campground,San Bernardino National Forest,https://www.fs.usda.gov/r05/sanbernardino,,"$8 per site, includes one vehicle.  Additional $5 for each additional vehicle.",,"Santa Rosa and San Jacinto Mountains National Monument
Address:
51500 Highway 74 Palm Desert, CA 92260
Phone:
(760) 862-9984
Hours:
Thursday through Monday from 8:00 am to 4:00 pm (Closed on
federal holidays
)",33.584877,-116.456766,,Restrooms are not available at this site.,Potable water is not available at this site.,,,False
51,Ribbonwood Equestrian Campground,https://www.fs.usda.gov/r05/sanbernardino/recreation/ribbonwood-equestrian-campground,San Bernardino National Forest,https://www.fs.usda.gov/r05/sanbernardino,,"$15 per night, holders of Interagency Senior or Access cards are entitled to 50% campsite fee reduction. Holder of the card must be present.",,"Santa Rosa and San Jacinto Mountains National Monument
Address:
51500 Highway 74 Palm Desert, CA 92260
Phone:
(760) 862-9984
Hours:
Thursday through Monday from 8:00 am to 4:00 pm (Closed on
federal holidays
)",33.57694444,-116.4525,"From Palm Springs/Highway 111: take the Palms to Pines Highway (Hwy 74) South approximately 16 miles to the community of Pinyon. Take a left turn onto Transfer Station Road (Watch for signs/directions). Entrance is on right-hand side. From Anza: take highway 371 East to the Palms to Pines Highway (Hwy 74). Turn Right onto Hwy 74, and drive approximately 10 miles North to the community of Pinyon. Turn Right onto Transfer Station Road(watch for Signs/Directions). Campground is on the right-hand side.",Restrooms are not available at this site.,Potable water is not available at this site.,,,False
52,San Gorgonio Family Campground,https://www.fs.usda.gov/r05/sanbernardino/recreation/san-gorgonio-family-campground,San Bernardino National Forest,https://www.fs.usda.gov/r05/sanbernardino,04/18/2025 - 09/18/2025,"Single Site $34 - Holiday $36 - 8 person maximum
Double Site $67- Holiday $69 - 16 person maximum
Camping fee includes entry for 1 vehicle.
Extra vehicle fee $8 per night.
Checks under $50 not accepted.",,"Mill Creek Visitor Center
Address:
34701 Mill Creek Road Mentone, CA 92359
Phone:
(909) 382-2882
Hours:
Saturday-Sunday 9:00 am to 4:00 pm (Closed on
federal holidays
)",34.17388889,-116.8666667,From the Discovery Center take Hwy SR 38 towards Redlands for 25.4 miles. Turn right into the campground.,Restrooms are not available at this site.,Potable water is not available at this site.,,,False
53,Santa Rosa Yellow Post Sites,https://www.fs.usda.gov/r05/sanbernardino/recreation/santa-rosa-yellow-post-sites,San Bernardino National Forest,https://www.fs.usda.gov/r05/sanbernardino,,No fees are associated with this site.,,"Santa Rosa and San Jacinto Mountains National Monument
Address:
51500 Highway 74 Palm Desert, CA 92260
Phone:
(760) 862-9984
Hours:
Thursday through Monday from 8:00 am to 4:00 pm (Closed on
federal holidays
)",33.54333333,-116.4655556,,Restrooms are not available at this site.,Potable water is not available at this site.,,,False
54,Serrano Family Campground,https://www.fs.usda.gov/r05/sanbernardino/recreation/serrano-family-campground,San Bernardino National Forest,https://www.fs.usda.gov/r05/sanbernardino,03/07/2025 - 11/29/2025,"Overnight Use:
Single Site: $44 per night
Double Site: $56 per night
Additional Holiday Fee: $2 per night
Additional Vehicle Fee: $8 per vehicle per night
Dump Station: $10 per use
Single Site $40 - Holiday $42 - 8 person maximum
Double Site $79 - Holiday $81 - 16 person maximum
Single Site with Hook up Site $51 - Holiday $53 - 8 person maximum
Camping fee includes entry for 1 vehicle.
Extra vehicle fee $8 per night.
RV dump $10
Checks under $50 not accepted.",,"Mountaintop Ranger District and Discovery Center
Address:
40971  North Shore Drive, Highway 38 Fawnskin, CA 92333
Phone:
(909) 382-2790
Hours:
Thursday-Monday from 9:00 am to 4:00 pm, Tuesday & Wednesday Closed",34.26305556,-116.9152778,"Take I-10 East to Redlands. Take the University Street exit, EXIT 80. Turn left (northbound) on University Street. Turn right onto E. Lugonia Avenue/CA-38. Continue on State Highway 38 into Big Bear City, to E. Big Bear Blvd. Turn left onto E. Big Bear Blvd./SR-38. Turn right onto Greenway Drive/SR-18/SR-38. Turn left onto North Shore Drive, CA-38. Continue on North Shore Drive/Hwy 38, approximately 2 miles west of the Stanfield Cutoff. You will go past the Big Bear Discovery Center. Make a left hand turn onto North Shore Lane.  Turn right into Serrano Campground.",Restrooms are not available at this site.,Potable water is not available at this site.,,,False
55,Shady Cove Group Campground,https://www.fs.usda.gov/r05/sanbernardino/recreation/shady-cove-group-campground,San Bernardino National Forest,https://www.fs.usda.gov/r05/sanbernardino,05/03/2024 - 10/12/2024,Group Site $114 - Holiday $126,,,34.169634,-116.827418,"From Highway 330, exit at Running Springs. Turn right on Highway 18. Drive approximately one mile to the Deerlick Ranger Station (aka: Children's Forest Visitor Center). Turn right just past the Ranger Station on Keller Peak Road and proceed five miles to Children's Forest. Turn left at the Children's Forest Trailhead and follow the signs to Shady Cove, sites A, B and C.",,,,,False
56,Skyline Group Campground,https://www.fs.usda.gov/r05/sanbernardino/recreation/skyline-group-campground,San Bernardino National Forest,https://www.fs.usda.gov/r05/sanbernardino,04/18/2025 - 10/04/2025,"Group $127 per night, Holiday $137 per night",,"Mountaintop Ranger District and Discovery Center
Address:
40971  North Shore Drive, Highway 38 Fawnskin, CA 92333
Phone:
(909) 382-2790
Hours:
Thursday-Monday from 9:00 am to 4:00 pm, Tuesday & Wednesday Closed",34.15888889,-116.7941667,"Take I-10 East to Redlands. Take the University Street exit, EXIT 80. Turn left (northbound) on University Street. Turn right onto E. Lugonia Avenue/SR-38. Continue on State Highway 38. From the Mill Creek Work Station go approximately 24.55 miles to Forest Service Road 1N02. Turn right on FS Road 1N02. Continue on 1N02 to Skyline Group Campground.",Restrooms are not available at this site.,Potable water is not available at this site.,,,False
57,South Fork Family Campground,https://www.fs.usda.gov/r05/sanbernardino/recreation/south-fork-family-campground,San Bernardino National Forest,https://www.fs.usda.gov/r05/sanbernardino,05/02/2025 - 09/27/2025,"Single Site $29 - Holiday $31 - 8 person maximum
Camping fee includes entry for 1 vehicle.
Extra vehicle fee $8 per night.
Checks under $50 not accepted.",,"Mountaintop Ranger District and Discovery Center
Address:
40971  North Shore Drive, Highway 38 Fawnskin, CA 92333
Phone:
(909) 382-2790
Hours:
Thursday-Monday from 9:00 am to 4:00 pm, Tuesday & Wednesday Closed",34.169634,-116.827418,From the Mill Creek Work Center take SR Hwy 38 towards Big Bear for 21.6 miles and turn right into the campground.,Restrooms are not available at this site.,Potable water is not available at this site.,,,False
58,Stockton Flats Yellow Post Sites,https://www.fs.usda.gov/r05/sanbernardino/recreation/stockton-flats-yellow-post-sites,San Bernardino National Forest,https://www.fs.usda.gov/r05/sanbernardino,,No fees are associated with this site.,,"Front Country Ranger District
Address:
1209 Lytle Creek Road Lytle Creek, CA 92358
Phone:
(909) 382-2851
Hours:
Wednesday-Sunday from 8:00 am to 4:30 pm, Monday & Tuesday Closed",34.296874,-117.590524,,Restrooms are not available at this site.,Potable water is not available at this site.,,,False
59,Stone Creek Yellow Post Sites (5S09),https://www.fs.usda.gov/r05/sanbernardino/recreation/stone-creek-yellow-post-sites-5s09,San Bernardino National Forest,https://www.fs.usda.gov/r05/sanbernardino,Open year-round.,No fees are associated with this site.,,"San Jacinto Ranger District
Address:
P.O. Box 518 Idyllwild, CA 92549
Phone:
(909) 382-2921
Hours:
Thursday through Monday from 8:00 am to 4:00 pm; Closed for lunch 12:00 pm - 1:00 pm",33.771069,-116.767698,,Restrooms are not available at this site.,Potable water is not available at this site.,,,False
60,Tanglewood Group Campground,https://www.fs.usda.gov/r05/sanbernardino/recreation/tanglewood-group-campground,San Bernardino National Forest,https://www.fs.usda.gov/r05/sanbernardino,05/03/2024 - 10/05/2024,Group Site $149 - Holiday $159,,"Mountaintop Ranger District and Discovery Center
Address:
40971  North Shore Drive, Highway 38 Fawnskin, CA 92333
Phone:
(909) 382-2790
Hours:
Thursday-Monday from 9:00 am to 4:00 pm, Tuesday & Wednesday Closed",34.29277778,-116.8622222,"Take I-10 East to San Bernardino. Merge onto CA-210 W via Exit 77 toward CA-330/Highland. Merge onto CA-330 N via Exit 81 toward Mtn Resorts. CA-330 N becomes CA-18 in the town of Running Springs. Take CA-18 to Big Bear. At the Dam/Bridge, turn left onto CA-38 at the signal light towards Fawnskin. Continue on North Shore Drive/CA-38 through Fawnskin. Continue on North Shore Drive/Hwy 38 until you reach the Van Dusen Canyon Road, Forest Service Road 3N09. Make a left  hand turn on Van Dusen Canyon Road. Continue on the Forest Service Road 3N09 for approximately 4 miles. Turn right on Forest Service Road 3N16, continue for approximately 2 miles. Make a right on Forest Service Road 3N79 to the Group Campground.",Restrooms are not available at this site.,Potable water is not available at this site.,,,False
61,Tent Peg Group Campground,https://www.fs.usda.gov/r05/sanbernardino/recreation/tent-peg-group-campground,San Bernardino National Forest,https://www.fs.usda.gov/r05/sanbernardino,05/03/2024 - 10/05/2024,Group Site $149 - Holiday $159,,"Mountaintop Ranger District and Discovery Center
Address:
40971  North Shore Drive, Highway 38 Fawnskin, CA 92333
Phone:
(909) 382-2790
Hours:
Thursday-Monday from 9:00 am to 4:00 pm, Tuesday & Wednesday Closed",34.26027778,-117.0997222,"Take Freeway to 330 North. Go through Running Springs and Arrowbear, CA to Green Valley Road. Stay on road and continue for approximately 1 and a half miles past Crab Flats Campground. Parking area and restroom are on the left.",Restrooms are not available at this site.,Potable water is not available at this site.,,,False
62,Thomas Hunting Grounds Yellow Post Sites,https://www.fs.usda.gov/r05/sanbernardino/recreation/thomas-hunting-grounds-yellow-post-sites,San Bernardino National Forest,https://www.fs.usda.gov/r05/sanbernardino,,No fees are associated with this site.,,"Mill Creek Visitor Center
Address:
34701 Mill Creek Road Mentone, CA 92359
Phone:
(909) 382-2882
Hours:
Saturday-Sunday 9:00 am to 4:00 pm (Closed on
federal holidays
)",34.1305556,-117.01101944,,Restrooms are not available at this site.,Potable water is not available at this site.,,,False
63,Thomas Mountain & Toolbox Springs Yellow Post Site,https://www.fs.usda.gov/r05/sanbernardino/recreation/thomas-mountain-toolbox-springs-yellow-post-site,San Bernardino National Forest,https://www.fs.usda.gov/r05/sanbernardino,,No fees are associated with this site.,,"San Jacinto Ranger District
Address:
P.O. Box 518 Idyllwild, CA 92549
Phone:
(909) 382-2921
Hours:
Thursday through Monday from 8:00 am to 4:00 pm; Closed for lunch 12:00 pm - 1:00 pm",33.61166667,-116.6602778,,Restrooms are not available at this site.,Potable water is not available at this site.,,,False
64,Wild Horse Equestrian Campground,https://www.fs.usda.gov/r05/sanbernardino/recreation/wild-horse-equestrian-campground,San Bernardino National Forest,https://www.fs.usda.gov/r05/sanbernardino,05/02/2025 - 09/20/2025,"Single Site $35 - Holiday $37 - 8 person maximum
Double Site $69.00 - Holiday $71 - 16 person maximum
Camping fee includes entry for 1 vehicle.
Double sites allow for 2 vehicles.
Extra vehicle fee $8 per night.
Checks under $50 not accepted.",,"Mountaintop Ranger District and Discovery Center
Address:
40971  North Shore Drive, Highway 38 Fawnskin, CA 92333
Phone:
(909) 382-2790
Hours:
Thursday-Monday from 9:00 am to 4:00 pm, Tuesday & Wednesday Closed",34.16111111,-116.7833333,"Take I-10 East to Redlands. Take the University Street exit, EXIT 80. Turn left (northbound) on University Street. Turn right onto E. Lugonia Avenue/SR-38. Continue on State Highway 38. From the Mill Creek Work Station go approximately 24.55 miles to Forest Service Road 1N02. Turn right on FS Road 1N02. Continue on 1N02 to Wild Horse Equestrian Family Campground.",Restrooms are not available at this site.,Potable water is not available at this site.,,,False
